{"0.9590569512362508":{"user_id":4},"0.8543730562040008":{"user_id":4},"0.9264112868800829":{"user_id":4}}